name,email
Talon Kuvalis Jr.,geovanni@oberbrunner.biz
Morton Nader,naomi@rutherford.biz
Kristopher Cassin IV,stewart.adams@connellyokeefe.biz
Miss Lukas Goodwin,ernest@ward.net
Moses DuBuque DVM,chyna_robel@cummeratacarroll.name
Jeromy Smith,moses.durgan@heller.net
Dr. Mario Abshire,reyes@hayesolson.com
Mrs. Keaton Wilkinson,davon@abshire.net
Melody Nicolas Jr.,dawson@block.org
Susanna Ondricka,anabelle@jacobi.name
Uriel O'Reilly,cyril@lynchwunsch.name
Mr. Kathryn Dach,roberta@feil.info
Erick Rohan,frida@watsicasipes.name
Adaline Mohr V,ruthe.runte@mante.net
Faustino Goldner,neva@schuster.org
Marianne Mayert,imogene_huel@runteheaney.net
Shawn Shanahan I,madisen@cormier.biz
Miss Brenda Gaylord,alexzander@hudson.biz
Gardner Paucek,gerson_kihn@goodwin.name
Arthur Prosacco,torrey.mraz@bogan.biz
Logan Ernser,oleta_jaskolski@cormier.biz
Joshua Hyatt,damian_morar@schoen.net
Daniella Williamson,rowan@will.net
Cathrine Heller,jazmyne@welchmante.biz
Heidi Kulas,sherman@waters.net
Moriah Gutkowski,gladys.bogan@reingergorczany.org
Rosalind Hartmann,enid@watsicamohr.info
Dr. Drew Schultz,coby@gusikowskilabadie.com
Courtney Koss MD,emie@lueilwitz.org
Corine Mann,raymond@wilkinson.net
Pattie Konopelski,nya.powlowski@dickidurgan.biz
Estella Muller,lester@hettingergraham.biz
Marquise Stokes,oscar.gaylord@bahringer.info
Kaley Terry,ronny.hartmann@crist.info
Myriam Johns,holden.feil@emardwolff.com
Ebba Frami,lloyd@nitzschecartwright.info
Riley Langosh,taya.west@koelpin.biz
Erin Bogisich,carmine.hauck@jakubowskibarrows.com
Alfonzo Durgan,margret.quigley@raynor.info
Mr. Madie Kirlin,keon_stamm@wilderman.info
Malvina Farrell,cale.ward@terrystamm.name
Viola Nader,kaitlin_damore@feest.com
Theo Corwin,else_roberts@hermann.biz
Ivory Senger,evalyn.friesen@cronin.org
Madyson Runolfsson,kristina_nolan@altenwerth.info
Marilie Legros,dannie@nitzsche.name
Mary Dooley,litzy.greenholt@king.info
Graham Effertz,ernestine_vandervort@veum.biz
Mateo Dooley,cleve@wiza.com
Jalen Reichert,elsa_upton@johnston.info